{"cameraMode":{"drawMode":0,"name":"Shaded","section":"Shading Mode"},"sceneLighting":false,"audioPlay":false,"sceneViewState":{"m_AlwaysRefresh":false,"showFog":true,"showSkybox":false,"showFlares":true,"showImageEffects":true,"showParticleSystems":true,"showVisualEffectGraphs":true,"m_FxEnabled":false},"in2DMode":false,"pivot":{"x":-0.013435101136565209,"y":1.003281593322754,"z":-0.0209945160895586},"rotation":{"x":0.10868030786514282,"y":-0.44378167390823367,"z":0.054349351674318317,"w":0.887891411781311},"size":2.542872190475464,"orthographic":false}