{"cameraMode":{"drawMode":6,"name":"Overdraw","section":"Miscellaneous"},"sceneLighting":false,"audioPlay":false,"sceneViewState":{"m_AlwaysRefresh":false,"showFog":true,"showSkybox":false,"showFlares":true,"showImageEffects":true,"showParticleSystems":true,"showVisualEffectGraphs":true,"m_FxEnabled":true},"in2DMode":false,"pivot":{"x":-14.434831619262696,"y":0.0030000004917383196,"z":-0.8980000019073486},"rotation":{"x":0.015860559418797494,"y":-0.9687783718109131,"z":0.23893514275550843,"w":0.0643177479505539},"size":0.7599538564682007,"orthographic":false}