{"cameraMode":{"drawMode":0,"name":"Shaded","section":"Shading Mode"},"sceneLighting":false,"audioPlay":false,"sceneViewState":{"m_AlwaysRefresh":false,"showFog":true,"showSkybox":false,"showFlares":true,"showImageEffects":true,"showParticleSystems":true,"showVisualEffectGraphs":true,"m_FxEnabled":false},"in2DMode":false,"pivot":{"x":6.447494983673096,"y":5.634422302246094,"z":-0.9547884464263916},"rotation":{"x":0.07364299893379212,"y":-0.05202164500951767,"z":0.0038765459321439268,"w":0.99595046043396},"size":35.315860748291019,"orthographic":false}