{"cameraMode":{"drawMode":6,"name":"Overdraw","section":"Miscellaneous"},"sceneLighting":true,"audioPlay":false,"sceneViewState":{"m_AlwaysRefresh":false,"showFog":true,"showSkybox":true,"showFlares":true,"showImageEffects":true,"showParticleSystems":true,"showVisualEffectGraphs":true,"m_FxEnabled":true},"in2DMode":false,"pivot":{"x":3.0125770568847658,"y":-0.328289270401001,"z":0.10442209243774414},"rotation":{"x":0.015860559418797494,"y":-0.9687783718109131,"z":0.23893514275550843,"w":0.0643177479505539},"size":147.68978881835938,"orthographic":false}