{"cameraMode":{"drawMode":0,"name":"Shaded","section":"Shading Mode"},"sceneLighting":true,"audioPlay":false,"sceneViewState":{"m_AlwaysRefresh":false,"showFog":true,"showSkybox":true,"showFlares":true,"showImageEffects":true,"showParticleSystems":true,"showVisualEffectGraphs":true,"m_FxEnabled":true},"in2DMode":false,"pivot":{"x":2.291351556777954,"y":2.86120343208313,"z":15.689992904663086},"rotation":{"x":0.06009088084101677,"y":0.07897021621465683,"z":-0.004796446766704321,"w":0.9951680898666382},"size":18.522724151611329,"orthographic":false}