{"cameraMode":{"drawMode":0,"name":"Shaded","section":"Shading Mode"},"sceneLighting":true,"audioPlay":false,"sceneViewState":{"m_AlwaysRefresh":false,"showFog":true,"showSkybox":true,"showFlares":true,"showImageEffects":true,"showParticleSystems":true,"showVisualEffectGraphs":true,"m_FxEnabled":true},"in2DMode":false,"pivot":{"x":-2.535885810852051,"y":-3.2246193885803224,"z":3.9415910243988039},"rotation":{"x":-0.21268418431282044,"y":0.06678672134876251,"z":-0.01454395055770874,"w":-0.9748184084892273},"size":13.534745216369629,"orthographic":false}